Country,Confirmed,Deaths,Recovered,Active,New cases,New deaths,New recovered,Deaths / 100 Cases,Recovered / 100 Cases,Deaths / 100 Recovered,Confirmed last week,1 week change,1 week % increase,WHORegion,Stringency Index,Stringency Category,Latitude,Longitude
Afghanistan,36263,1269,25198,9796,106,10,18,3.5,69.49,5.04,35526,737,2.07,Eastern Mediterranean,12.04,Low,33.93911,67.709953
Albania,4880,144,2745,1991,117,6,63,2.95,56.25,5.25,4171,709,17,Europe,56.48,Medium,41.153332,20.168331
Algeria,27973,1163,18837,7973,616,8,749,4.16,67.34,6.17,23691,4282,18.07,Africa,72.22,High,28.033886,1.659626
Andorra,907,52,803,52,10,0,0,5.73,88.53,6.48,884,23,2.6,Europe,52.78,Medium,42.546245,1.601554
Angola,950,41,242,667,18,1,0,4.32,25.47,16.94,749,201,26.84,Africa,65.74,Medium,-11.202692,17.873887
Antigua and Barbuda,86,3,65,18,4,0,5,3.49,75.58,4.62,76,10,13.16,Americas,72.455,High,17.060816,-61.796428
Argentina,167416,3059,72575,91782,4890,120,2057,1.83,43.35,4.21,130774,36642,28.02,Americas,79.17,High,-38.416097,-63.616672
Armenia,37390,711,26665,10014,73,6,187,1.9,71.32,2.67,34981,2409,6.89,Europe,75,High,40.069099,45.038189
Australia,15303,167,9311,5825,368,6,137,1.09,60.84,1.79,12428,2875,23.13,Western Pacific,70.83,High,-25.274398,133.775136
Austria,20558,713,18246,1599,86,1,37,3.47,88.75,3.91,19743,815,4.13,Europe,82.41,High,47.516231,14.550072
Azerbaijan,30446,423,23242,6781,396,6,558,1.39,76.34,1.82,27890,2556,9.16,Europe,84.26,High,40.143105,47.576927
Bahamas,382,11,91,280,40,0,0,2.88,23.82,12.09,174,208,119.54,Americas,68.98,High,25.03428,-77.39628
Bahrain,39482,141,36110,3231,351,1,421,0.36,91.46,0.39,36936,2546,6.89,Eastern Mediterranean,50.93,Low,25.930414,50.637772
Bangladesh,226225,2965,125683,97577,2772,37,1801,1.31,55.56,2.36,207453,18772,9.05,South-East Asia,80.09,High,23.684994,90.356331
Barbados,110,7,94,9,0,0,0,6.36,85.45,7.45,106,4,3.77,Americas,50.93,Low,13.193887,-59.543198
Belarus,67251,538,60492,6221,119,4,67,0.8,89.95,0.89,66213,1038,1.57,Europe,42.59,Low,53.709807,27.953389
Belgium,66428,9822,17452,39154,402,1,14,14.79,26.27,56.28,64094,2334,3.64,Europe,60.19,Medium,50.503887,4.469936
Belize,48,2,26,20,0,0,0,4.17,54.17,7.69,40,8,20,Americas,72.22,High,17.189877,-88.49765
Benin,1770,35,1036,699,0,0,0,1.98,58.53,3.38,1602,168,10.49,Africa,35.19,Low,9.30769,2.315834
Bhutan,99,0,86,13,4,0,1,0,86.87,0,90,9,10,South-East Asia,81.94,High,27.514162,90.433601
Bolivia,71181,2647,21478,47056,1752,64,309,3.72,30.17,12.32,60991,10190,16.71,Americas,52.78,Medium,-16.290154,-63.588653
Bosnia and Herzegovina,10498,294,4930,5274,731,14,375,2.8,46.96,5.96,8479,2019,23.81,Europe,42.59,Low,43.915886,17.679076
Botswana,739,2,63,674,53,1,11,0.27,8.53,3.17,522,217,41.57,Africa,56.48,Medium,-22.328474,24.684866
Brazil,2442375,87618,1846641,508116,23284,614,33728,3.59,75.61,4.74,2118646,323729,15.28,Americas,64.35,Medium,-14.235004,-51.92528
Brunei,141,3,138,0,0,0,0,2.13,97.87,2.17,141,0,0,Western Pacific,35.19,Low,4.535277,114.727669
Bulgaria,10621,347,5585,4689,194,7,230,3.27,52.58,6.21,8929,1692,18.95,Europe,53.7,Medium,42.733883,25.48583
Burkina Faso,1100,53,926,121,14,0,6,4.82,84.18,5.72,1065,35,3.29,Africa,22.22,Low,12.238333,-1.561593
Burma,350,6,292,52,0,0,2,1.71,83.43,2.05,341,9,2.64,South-East Asia,75.93,High,,
Burundi,378,1,301,76,17,0,22,0.26,79.63,0.33,322,56,17.39,Africa,14.81,Low,-3.373056,29.918886
Cabo Verde,2328,22,1550,756,21,0,103,0.95,66.58,1.42,2071,257,12.41,Africa,64.81,Medium,16.002082,-24.013197
Cambodia,226,0,147,79,1,0,4,0,65.04,0,171,55,32.16,Western Pacific,62.96,Medium,12.565679,104.990963
Cameroon,17110,391,14539,2180,402,6,0,2.29,84.97,2.69,16157,953,5.9,Africa,20.37,Low,7.369722,12.354722
Canada,116458,8944,0,107514,682,11,0,7.68,0,inf,112925,3533,3.13,Americas,72.69,High,56.130366,-106.346771
Central African Republic,4599,59,1546,2994,0,0,0,1.28,33.62,3.82,4548,51,1.12,Africa,16.67,Low,6.611111,20.939444
Chad,922,75,810,37,7,0,0,8.13,87.85,9.26,889,33,3.71,Africa,61.11,Medium,15.454166,18.732207
Chile,347923,9187,319954,18782,2133,75,1859,2.64,91.96,2.87,333029,14894,4.47,Americas,79.17,High,-35.675147,-71.542969
China,86783,4656,78869,3258,213,4,7,5.37,90.88,5.9,85622,1161,1.36,Western Pacific,78.24,High,35.86166,104.195397
Colombia,257101,8777,131161,117163,16306,508,11494,3.41,51.02,6.69,204005,53096,26.03,Americas,60.19,Medium,4.570868,-74.297333
Comoros,354,7,328,19,0,0,0,1.98,92.66,2.13,334,20,5.99,Africa,51.855,Medium,-11.875001,43.872219
Congo (Brazzaville),3200,54,829,2317,162,3,73,1.69,25.91,6.51,2851,349,12.24,Africa,43.52,Low,,
Congo (Kinshasa),8844,208,5700,2936,13,4,190,2.35,64.45,3.65,8443,401,4.75,Africa,26.85,Low,,
Costa Rica,15841,115,3824,11902,612,11,88,0.73,24.14,3.01,11534,4307,37.34,Americas,66.67,Medium,9.748917,-83.753428
Cote d'Ivoire,15655,96,10361,5198,59,0,183,0.61,66.18,0.93,14312,1343,9.38,Africa,17.59,Low,,
Croatia,4881,139,3936,806,24,3,70,2.85,80.64,3.53,4370,511,11.69,Europe,62.04,Medium,45.1,15.2
Cuba,2532,87,2351,94,37,0,2,3.44,92.85,3.7,2446,86,3.52,Americas,62.04,Medium,21.521757,-77.781167
Cyprus,1060,19,852,189,3,0,0,1.79,80.38,2.23,1038,22,2.12,Europe,74.07,High,35.126413,33.429859
Czechia,15516,373,11428,3715,192,2,0,2.4,73.65,3.26,14098,1418,10.06,Europe,73.15,High,,
Denmark,13761,613,12605,543,109,0,77,4.45,91.6,4.86,13453,308,2.29,Europe,51.85,Low,56.26392,9.501785
Djibouti,5059,58,4977,24,9,0,11,1.15,98.38,1.17,5020,39,0.78,Eastern Mediterranean,43.52,Low,11.825138,42.590275
Dominica,18,0,18,0,0,0,0,0,100,0,18,0,0,Americas,25.93,Low,15.414999,-61.370976
Dominican Republic,64156,1083,30204,32869,1248,20,1601,1.69,47.08,3.59,53956,10200,18.9,Americas,71.3,High,18.735693,-70.162651
Ecuador,81161,5532,34896,40733,467,17,0,6.82,43,15.85,74620,6541,8.77,Americas,73.15,High,-1.831239,-78.183406
Egypt,92482,4652,34838,52992,420,46,1007,5.03,37.67,13.35,88402,4080,4.62,Eastern Mediterranean,59.26,Medium,26.820553,30.802498
El Salvador,15035,408,7778,6849,405,8,130,2.71,51.73,5.25,12207,2828,23.17,Americas,47.22,Low,13.794185,-88.89653
Equatorial Guinea,3071,51,842,2178,0,0,0,1.66,27.42,6.06,3071,0,0,Africa,50,Low,1.650801,10.267895
Eritrea,265,0,191,74,2,0,2,0,72.08,0,251,14,5.58,Africa,52.78,Medium,15.179384,39.782334
Estonia,2034,69,1923,42,0,0,1,3.39,94.54,3.59,2021,13,0.64,Europe,55.56,Medium,58.595272,25.013607
Eswatini,2316,34,1025,1257,109,2,39,1.47,44.26,3.32,1826,490,26.83,Africa,59.26,Medium,,
Ethiopia,14547,228,6386,7933,579,5,170,1.57,43.9,3.57,10207,4340,42.52,Africa,51.85,Low,9.145,40.489673
Fiji,27,0,18,9,0,0,0,0,66.67,0,27,0,0,Western Pacific,49.07,Low,-17.713371,178.065032
Finland,7398,329,6920,149,5,0,0,4.45,93.54,4.75,7340,58,0.79,Europe,52.31,Medium,61.92411,25.748151
France,220352,30212,81212,108928,2551,17,267,13.71,36.86,37.2,214023,6329,2.96,Europe,63.89,Medium,46.603354,1.888334
Gabon,7189,49,4682,2458,205,0,219,0.68,65.13,1.05,6433,756,11.75,Africa,65.74,Medium,-0.803689,11.609444
Gambia,326,8,66,252,49,2,6,2.45,20.25,12.12,112,214,191.07,Africa,45.37,Low,13.443182,-15.310139
Georgia,1137,16,922,199,6,0,2,1.41,81.09,1.74,1039,98,9.43,Europe,84.26,High,42.315407,43.356892
Germany,207112,9125,190314,7673,445,1,259,4.41,91.89,4.79,203325,3787,1.86,Europe,82.41,High,51.165691,10.451526
Ghana,33624,168,29801,3655,655,0,307,0.5,88.63,0.56,28430,5194,18.27,Africa,38.89,Low,7.946527,-1.023194
Greece,4227,202,1374,2651,34,0,0,4.78,32.51,14.7,4012,215,5.36,Europe,84.26,High,39.074208,21.824312
Greenland,14,0,13,1,1,0,0,0,92.86,0,13,1,7.69,Europe,37.04,Low,,
Grenada,23,0,23,0,0,0,0,0,100,0,23,0,0,Americas,44.675,Low,12.262776,-61.604171
Guatemala,45309,1761,32455,11093,256,27,843,3.89,71.63,5.43,39039,6270,16.06,Americas,52.31,Medium,15.783471,-90.230759
Guinea,7055,45,6257,753,47,2,105,0.64,88.69,0.72,6590,465,7.06,Africa,40.74,Low,9.945587,-9.696645
Guinea-Bissau,1954,26,803,1125,0,0,0,1.33,41.1,3.24,1949,5,0.26,Africa,47.685,Low,11.803749,-15.180413
Guyana,389,20,181,188,19,0,0,5.14,46.53,11.05,337,52,15.43,Americas,54.63,Medium,4.860416,-58.93018
Haiti,7340,158,4365,2817,25,1,0,2.15,59.47,3.62,7053,287,4.07,Americas,28.7,Low,18.971187,-72.285215
Holy See,12,0,12,0,0,0,0,0,100,0,12,0,0,Europe,56.48,Medium,,
Honduras,39741,1166,5039,33536,465,50,117,2.93,12.68,23.14,34611,5130,14.82,Americas,84.26,High,15.199999,-86.241905
Hungary,4448,596,3329,523,13,0,0,13.4,74.84,17.9,4339,109,2.51,Europe,72.22,High,47.162494,19.503304
Iceland,1854,10,1823,21,7,0,0,0.54,98.33,0.55,1839,15,0.82,Europe,52.78,Medium,64.963051,-19.020835
India,1480073,33408,951166,495499,44457,637,33598,2.26,64.26,3.51,1155338,324735,28.11,South-East Asia,66.2,Medium,20.593684,78.96288
Indonesia,100303,4838,58173,37292,1525,57,1518,4.82,58,8.32,88214,12089,13.7,South-East Asia,68.06,High,-0.789275,113.921327
Iran,293606,15912,255144,22550,2434,212,1931,5.42,86.9,6.24,276202,17404,6.3,Eastern Mediterranean,72.69,High,32.427908,53.688046
Iraq,112585,4458,77144,30983,2553,96,1927,3.96,68.52,5.78,94693,17892,18.89,Eastern Mediterranean,53.7,Medium,33.223191,43.679291
Ireland,25892,1764,23364,764,11,0,0,6.81,90.24,7.55,25766,126,0.49,Europe,87.96,High,53.41291,-8.24389
Israel,63985,474,27133,36378,2029,4,108,0.74,42.41,1.75,52003,11982,23.04,Europe,82.41,High,31.046051,34.851612
Italy,246286,35112,198593,12581,168,5,147,14.26,80.64,17.68,244624,1662,0.68,Europe,82.41,High,41.87194,12.56738
Jamaica,853,10,714,129,11,0,0,1.17,83.7,1.4,809,44,5.44,Americas,71.3,High,18.109581,-77.297508
Japan,31142,998,21970,8174,594,0,364,3.2,70.55,4.54,25706,5436,21.15,Western Pacific,48.15,Low,36.204824,138.252924
Jordan,1176,11,1041,124,8,0,0,0.94,88.52,1.06,1223,-47,-3.84,Eastern Mediterranean,81.48,High,30.585164,36.238414
Kazakhstan,84648,585,54404,29659,1526,0,1833,0.69,64.27,1.08,73468,11180,15.22,Europe,71.3,High,48.019573,66.923684
Kenya,17975,285,7833,9857,372,5,90,1.59,43.58,3.64,13771,4204,30.53,Africa,57.41,Medium,-0.023559,37.906193
Kosovo,7413,185,4027,3201,496,16,274,2.5,54.32,4.59,5877,1536,26.14,Europe,71.3,High,,
Kuwait,64379,438,55057,8884,606,5,684,0.68,85.52,0.8,59763,4616,7.72,Eastern Mediterranean,71.3,High,29.31166,47.481766
Kyrgyzstan,33296,1301,21205,10790,483,24,817,3.91,63.69,6.14,27143,6153,22.67,Europe,40.74,Low,41.20438,74.766098
Laos,20,0,19,1,0,0,0,0,95,0,19,1,5.26,Western Pacific,29.63,Low,19.85627,102.495496
Latvia,1219,31,1045,143,0,0,0,2.54,85.73,2.97,1192,27,2.27,Europe,67.59,Medium,56.879635,24.603189
Lebanon,3882,51,1709,2122,132,0,17,1.31,44.02,2.98,2905,977,33.63,Eastern Mediterranean,84.26,High,33.854721,35.862285
Lesotho,505,12,128,365,0,0,0,2.38,25.35,9.38,359,146,40.67,Africa,36.11,Low,-29.609988,28.233608
Liberia,1167,72,646,449,5,0,5,6.17,55.36,11.15,1107,60,5.42,Africa,35.19,Low,6.428055,-9.429499
Libya,2827,64,577,2186,158,4,24,2.26,20.41,11.09,1980,847,42.78,Eastern Mediterranean,84.26,High,26.3351,17.228331
Liechtenstein,86,1,81,4,0,0,0,1.16,94.19,1.23,86,0,0,Europe,56.48,Medium,47.166,9.555373
Lithuania,2019,80,1620,319,11,0,4,3.96,80.24,4.94,1947,72,3.7,Europe,79.63,High,55.169438,23.881275
Luxembourg,6321,112,4825,1384,49,0,178,1.77,76.33,2.32,5639,682,12.09,Europe,67.59,Medium,49.815273,6.129583
Madagascar,9690,91,6260,3339,395,6,681,0.94,64.6,1.45,7153,2537,35.47,Africa,38.89,Low,-18.766947,46.869107
Malawi,3664,99,1645,1920,24,0,6,2.7,44.9,6.02,2992,672,22.46,Africa,50.93,Low,-13.254308,34.301525
Malaysia,8904,124,8601,179,7,0,1,1.39,96.6,1.44,8800,104,1.18,Western Pacific,67.13,Medium,4.210484,101.975766
Maldives,3369,15,2547,807,67,0,19,0.45,75.6,0.59,2999,370,12.34,South-East Asia,55.785,Medium,3.202778,73.22068
Mali,2513,124,1913,476,3,1,2,4.93,76.12,6.48,2475,38,1.54,Africa,44.44,Low,17.570692,-3.996166
Malta,701,9,665,27,1,0,0,1.28,94.86,1.35,677,24,3.55,Europe,52.78,Medium,35.937496,14.375416
Mauritania,6208,156,4653,1399,37,0,223,2.51,74.95,3.35,5923,285,4.81,Africa,59.26,Medium,21.00789,-10.940835
Mauritius,344,10,332,2,0,0,0,2.91,96.51,3.01,343,1,0.29,Africa,16.67,Low,-20.348404,57.552152
Mexico,395489,44022,303810,47657,4973,342,8588,11.13,76.82,14.49,349396,46093,13.19,Americas,71.76,High,23.634501,-102.552784
Moldova,23154,748,16154,6252,120,13,245,3.23,69.77,4.63,21115,2039,9.66,Europe,57.41,Medium,47.411631,28.369885
Monaco,116,4,104,8,0,0,0,3.45,89.66,3.85,109,7,6.42,Europe,45.37,Low,43.750298,7.412841
Mongolia,289,0,222,67,1,0,4,0,76.82,0,287,2,0.7,Western Pacific,75.46,High,46.862496,103.846656
Montenegro,2893,45,809,2039,94,2,70,1.56,27.96,5.56,2188,705,32.22,Europe,74.765,High,42.708678,19.37439
Morocco,20887,316,16553,4018,609,3,115,1.51,79.25,1.91,17562,3325,18.93,Eastern Mediterranean,74.07,High,31.791702,-7.09262
Mozambique,1701,11,0,1690,32,0,0,0.65,0,inf,1507,194,12.87,Africa,50,Low,-18.665695,35.529
Namibia,1843,8,101,1734,68,0,26,0.43,5.48,7.92,1344,499,37.13,Africa,38.89,Low,-22.95764,18.49041
Nepal,18752,48,13754,4950,139,3,626,0.26,73.35,0.35,17844,908,5.09,South-East Asia,60.19,Medium,28.394857,84.124008
Netherlands,53413,6160,189,47064,419,1,0,11.53,0.35,3259.26,52132,1281,2.46,Europe,78.7,High,52.132633,5.291266
New Zealand,1557,22,1514,21,1,0,1,1.41,97.24,1.45,1555,2,0.13,Western Pacific,22.22,Low,-40.900557,174.885971
Nicaragua,3439,108,2492,839,0,0,0,3.14,72.46,4.33,3147,292,9.28,Americas,8.33,Low,12.865416,-85.207229
Niger,1132,69,1027,36,0,0,0,6.1,90.72,6.72,1105,27,2.44,Africa,25.93,Low,17.607789,8.081666
Nigeria,41180,860,18203,22117,648,2,829,2.09,44.2,4.72,37225,3955,10.62,Africa,58.33,Medium,9.081999,8.675277
North Macedonia,10213,466,5564,4183,127,6,137,4.56,54.48,8.38,9249,964,10.42,Europe,57.175,Medium,41.608635,21.745275
Norway,9132,255,8752,125,15,0,0,2.79,95.84,2.91,9034,98,1.08,Europe,56.02,Medium,60.472024,8.468946
Oman,77058,393,57028,19637,1053,9,1729,0.51,74.01,0.69,68400,8658,12.66,Eastern Mediterranean,42.59,Low,21.512583,55.923255
Pakistan,274289,5842,241026,27421,1176,20,3592,2.13,87.87,2.42,266096,8193,3.08,Eastern Mediterranean,64.35,Medium,30.375321,69.345116
Panama,61442,1322,35086,25034,1146,28,955,2.15,57.1,3.77,54426,7016,12.89,Americas,76.85,High,8.537981,-80.782127
Papua New Guinea,62,0,11,51,0,0,0,0,17.74,0,19,43,226.32,Western Pacific,49.07,Low,-6.314993,143.95555
Paraguay,4548,43,2905,1600,104,2,111,0.95,63.87,1.48,3748,800,21.34,Americas,52.78,Medium,-23.442503,-58.443832
Peru,389717,18418,272547,98752,13756,575,4697,4.73,69.93,6.76,357681,32036,8.96,Americas,66.67,Medium,-9.189967,-75.015152
Philippines,82040,1945,26446,53649,1592,13,336,2.37,32.24,7.35,68898,13142,19.07,Western Pacific,66.2,Medium,12.879721,121.774017
Poland,43402,1676,32856,8870,337,5,103,3.86,75.7,5.1,40383,3019,7.48,Europe,80.56,High,51.919438,19.145136
Portugal,50299,1719,35375,13205,135,2,158,3.42,70.33,4.86,48771,1528,3.13,Europe,76.85,High,39.399872,-8.224454
Qatar,109597,165,106328,3104,292,0,304,0.15,97.02,0.16,107037,2560,2.39,Eastern Mediterranean,64.81,Medium,25.354826,51.183884
Romania,45902,2206,25794,17902,1104,19,151,4.81,56.19,8.55,38139,7763,20.35,Europe,76.85,High,45.943161,24.96676
Russia,816680,13334,602249,201097,5607,85,3077,1.63,73.74,2.21,776212,40468,5.21,Europe,47.69,Low,61.52401,105.318756
Rwanda,1879,5,975,899,58,0,57,0.27,51.89,0.51,1629,250,15.35,Africa,66.67,Medium,-1.940278,29.873888
Saint Kitts and Nevis,17,0,15,2,0,0,0,0,88.24,0,17,0,0,Americas,68.985,High,17.357822,-62.782998
Saint Lucia,24,0,22,2,0,0,0,0,91.67,0,23,1,4.35,Americas,71.3,High,13.909444,-60.978893
Saint Vincent and the Grenadines,52,0,39,13,0,0,0,0,75,0,50,2,4,Americas,73.615,High,12.984305,-61.287228
San Marino,699,42,657,0,0,0,0,6.01,93.99,6.39,699,0,0,Europe,75.93,High,43.94236,12.457777
Sao Tome and Principe,865,14,734,117,2,0,38,1.62,84.86,1.91,746,119,15.95,Africa,66.205,Medium,0.18636,6.613081
Saudi Arabia,268934,2760,222936,43238,1993,27,2613,1.03,82.9,1.24,253349,15585,6.15,Eastern Mediterranean,56.48,Medium,23.885942,45.079162
Senegal,9764,194,6477,3093,83,3,68,1.99,66.34,3,8948,816,9.12,Africa,43.52,Low,14.497401,-14.452362
Serbia,24141,543,0,23598,411,9,0,2.25,0,inf,21253,2888,13.59,Europe,60.19,Medium,44.016521,21.005859
Seychelles,114,0,39,75,0,0,0,0,34.21,0,108,6,5.56,Africa,31.48,Low,-4.679574,55.491977
Sierra Leone,1783,66,1317,400,0,0,4,3.7,73.86,5.01,1711,72,4.21,Africa,37.04,Low,8.460555,-11.779889
Singapore,50838,27,45692,5119,469,0,171,0.05,89.88,0.06,48035,2803,5.84,Western Pacific,50.93,Low,1.352083,103.819836
Slovakia,2181,28,1616,537,2,0,39,1.28,74.09,1.73,1980,201,10.15,Europe,61.11,Medium,48.669026,19.699024
Slovenia,2087,116,1733,238,5,0,55,5.56,83.04,6.69,1953,134,6.86,Europe,81.48,High,46.151241,14.995463
Somalia,3196,93,1543,1560,18,0,22,2.91,48.28,6.03,3130,66,2.11,Eastern Mediterranean,37.96,Low,5.152149,46.199616
South Africa,452529,7067,274925,170537,7096,298,9848,1.56,60.75,2.57,373628,78901,21.12,Africa,45.37,Low,-30.559482,22.937506
South Korea,14203,300,13007,896,28,1,102,2.11,91.58,2.31,13816,387,2.8,Western Pacific,60.65,Medium,35.907757,127.766922
South Sudan,2305,46,1175,1084,43,1,0,2,50.98,3.91,2211,94,4.25,Africa,46.3,Low,4.859363,31.571251
Spain,272421,28432,150376,93613,0,0,0,10.44,55.2,18.91,264836,7585,2.86,Europe,78.7,High,40.463667,-3.74922
Sri Lanka,2805,11,2121,673,23,0,15,0.39,75.61,0.52,2730,75,2.75,South-East Asia,78.24,High,7.873054,80.771797
Sudan,11424,720,5939,4765,39,3,49,6.3,51.99,12.12,10992,432,3.93,Eastern Mediterranean,28.7,Low,12.862807,30.217636
Suriname,1483,24,925,534,44,1,35,1.62,62.37,2.59,1079,404,37.44,Americas,67.59,Medium,3.919305,-56.027783
Sweden,79395,5700,0,73695,398,3,0,7.18,0,inf,78048,1347,1.73,Europe,69.44,High,60.128161,18.643501
Switzerland,34477,1978,30900,1599,65,1,200,5.74,89.62,6.4,33634,843,2.51,Europe,60.19,Medium,46.818188,8.227512
Syria,674,40,0,634,24,2,0,5.93,0,inf,522,152,29.12,Eastern Mediterranean,39.35,Low,34.802075,38.996815
Taiwan*,462,7,440,15,4,0,0,1.52,95.24,1.59,451,11,2.44,Western Pacific,19.44,Low,23.69781,120.960515
Tajikistan,7235,60,6028,1147,43,1,58,0.83,83.32,1,6921,314,4.54,Europe,42.59,Low,38.861034,71.276093
Tanzania,509,21,183,305,0,0,0,4.13,35.95,11.48,509,0,0,Africa,6.48,Low,-6.369028,34.888822
Thailand,3297,58,3111,128,6,0,2,1.76,94.36,1.86,3250,47,1.45,South-East Asia,63.89,Medium,15.870032,100.992541
Timor-Leste,24,0,0,24,0,0,0,0,0,0,24,0,0,South-East Asia,52.78,Medium,-8.874217,125.727539
Togo,874,18,607,249,6,0,8,2.06,69.45,2.97,783,91,11.62,Africa,66.67,Medium,8.619543,0.824782
Trinidad and Tobago,148,8,128,12,1,0,0,5.41,86.49,6.25,137,11,8.03,Americas,68.52,High,10.691803,-61.222503
Tunisia,1455,50,1157,248,3,0,15,3.44,79.52,4.32,1381,74,5.36,Eastern Mediterranean,71.3,High,33.886917,9.537499
Turkey,227019,5630,210469,10920,919,17,982,2.48,92.71,2.67,220572,6447,2.92,Europe,80.09,High,38.963745,35.243322
US,4290259,148011,1325804,2816444,56336,1076,27941,3.45,30.9,11.16,3834677,455582,11.88,Americas,71.76,High,37.09024,-95.712891
Uganda,1128,2,986,140,13,0,4,0.18,87.41,0.2,1069,59,5.52,Africa,52.78,Medium,1.373333,32.290275
Ukraine,67096,1636,37202,28258,835,11,317,2.44,55.45,4.4,60767,6329,10.42,Europe,54.63,Medium,48.379433,31.16558
United Arab Emirates,59177,345,52510,6322,264,1,328,0.58,88.73,0.66,57193,1984,3.47,Eastern Mediterranean,49.07,Low,23.424076,53.847818
United Kingdom,301708,45844,1437,254427,688,7,3,15.19,0.48,3190.26,296944,4764,1.6,Europe,79.63,High,55.378051,-3.435973
Uruguay,1202,35,951,216,10,1,3,2.91,79.12,3.68,1064,138,12.97,Americas,70.37,High,-32.522779,-55.765835
Uzbekistan,21209,121,11674,9414,678,5,569,0.57,55.04,1.04,17149,4060,23.67,Europe,42.59,Low,41.377491,64.585262
Venezuela,15988,146,9959,5883,525,4,213,0.91,62.29,1.47,12334,3654,29.63,Americas,84.26,High,6.42375,-66.58973
Vietnam,431,0,365,66,11,0,0,0,84.69,0,384,47,12.24,Western Pacific,56.48,Medium,14.058324,108.277199
West Bank and Gaza,10621,78,3752,6791,152,2,0,0.73,35.33,2.08,8916,1705,19.12,Eastern Mediterranean,68.06,High,31.952162,35.233154
Western Sahara,10,1,8,1,0,0,0,10,80,12.5,10,0,0,Africa,47.92,Low,24.215527,-12.885834
Yemen,1691,483,833,375,10,4,36,28.56,49.26,57.98,1619,72,4.45,Eastern Mediterranean,27.78,Low,15.552727,48.516388
Zambia,4552,140,2815,1597,71,1,465,3.08,61.84,4.97,3326,1226,36.86,Africa,50.93,Low,-13.133897,27.849332
Zimbabwe,2704,36,542,2126,192,2,24,1.33,20.04,6.64,1713,991,57.85,Africa,69.44,High,-19.015438,29.154857
